{"cameraMode":{"drawMode":0,"name":"Shaded","section":"Shading Mode"},"sceneLighting":true,"audioPlay":false,"sceneViewState":{"m_AlwaysRefresh":false,"showFog":true,"showSkybox":true,"showFlares":true,"showImageEffects":true,"showParticleSystems":true,"showVisualEffectGraphs":true,"m_FxEnabled":true},"in2DMode":false,"pivot":{"x":-0.9956111907958984,"y":0.08080053329467774,"z":-3.2556920051574709},"rotation":{"x":-0.09747302532196045,"y":0.8967747688293457,"z":-0.3542267382144928,"w":-0.24671843647956849},"size":4.054651737213135,"orthographic":false}